<?xml version="1.0" encoding="UTF-8"?><Response xmlns:xsd="http://www.w3.org/2001/XMLSchema" xmlns:xsi="http://www.w3.org/2001/XMLSchema-instance" ms="31" xmlns="CreateTicketResponse"><Status>1</Status><Ticket>zWQz9FEaJP1SLZoo6Tf/7gi21U+hcEw/O5p3LG8tRkcHT752G9Zl3jwi61f1EM3vMKQiIWBddy/QI49YOVdepekY5ucrvnJ8QwZCKsaywFdbL30RWVl+U5pkHbrXyqqnFS4d8P4WBtjkk3U6zAof/O9nIQOxjlhs5ttedcct7FY=</Ticket><PosixTime>1738386906</PosixTime><SecsUntilExpiration>86399</SecsUntilExpiration><PlayerAccountId>1</PlayerAccountId><PublicIp>127.0.0.1</PublicIp><SessionId>9712942835687076864</SessionId><SessionKey>QVXkpXRWKsSMD3HBa/B9Uqb8</SessionKey><SessionTicket>Mg59MpVm5ntY6lp+T8DRhY7mME7z1LoH0hKpP9hGPLWqVBlNqq2hbLd9pkD4wh97YX/bbzwZoQZRvCaX</SessionTicket><CloudKey>8G8S9JuEPa3kp74FNQWxnJ5BXJXZN1NFCiaRRNWaARU=</CloudKey><MFAEnabled>false</MFAEnabled><Services Count="0"></Services><DisabledSecurityFlags>255</DisabledSecurityFlags><Privileges>1,2,3,4,5,6,8,9,10,11,14,15,16,17,18,19,21,22</Privileges><Services Count="11"><S ep="*/Accounts.svc/*" h="accounts-prod.ros.rockstargames.com"/><S ep="*/Feed.asmx/*" h="feed-gta5-prod.ros.rockstargames.com"/><S ep="*/Telemetry.asmx/SubmitCompressed" h="prod.telemetry.ros.rockstargames.com"/><S ep="*/Telemetry.asmx/SubmitRealTime" h="prod.telemetry.ros.rockstargames.com"/><S ep="*/ProfileStats.asmx/*" h="ps-gta5-prod.ros.rockstargames.com"/><S ep="*/matchmaking.asmx/*" h="mm-gta5-prod.ros.rockstargames.com"/><S ep="*/ugc.asmx/*" h="ugc-gta5-prod.ros.rockstargames.com"/><S ep="*/Presence.asmx/*" h="prs-gta5-prod.ros.rockstargames.com"/><S ep="*/Inbox.asmx/*" h="inbox-gta5-prod.ros.rockstargames.com"/><S ep="*/Clans.asmx/*" h="crews-gta5-prod.ros.rockstargames.com"/><S ep="*/cloudservices/members/*/GTA5/saves/mpstats*" h="cs-gta5-prod.ros.rockstargames.com"/></Services><RockstarAccount><RockstarId>1</RockstarId><Age>25</Age><AvatarUrl>https://prod-avatars.akamaized.net/stock-avatars/n/Exclusives/rockstar_conveyor_newengland.png</AvatarUrl><CountryCode>US</CountryCode><Email></Email><LanguageCode>en</LanguageCode><Nickname>Atlas</Nickname></RockstarAccount></Response>