<?xml version="1.0" encoding="UTF-8"?>
<Response>
  <Status>1</Status>
  <Result Count="58" Total="58" Hash="0">
    <r c="Gq7eMnnckUm46kzUnvxiTw">
      <m ca="verif" n="After School" rci="yf7ZpcL05UC04T6uP8jpsA" un="kakoqr" r="27962169">
        <da>
          <_cdata>{&quot;mission&quot;:{&quot;gen&quot;:{&quot;cam&quot;:{&quot;x&quot;:-2763.06,&quot;y&quot;:2527.59,&quot;z&quot;:25.75},&quot;camh&quot;:-83.402,&quot;camp&quot;:-4.99,&quot;ivm&quot;:1824333165,&quot;min&quot;:1,&quot;num&quot;:8,&quot;rank&quot;:1,&quot;start&quot;:{&quot;x&quot;:-2763.04,&quot;y&quot;:2525.72,&quot;z&quot;:1.64},&quot;subtype&quot;:5,&quot;tnum&quot;:1,&quot;type&quot;:2}}}</_cdata>
        </da>
        <de>
          <_cdata>I hope you&apos;ve learned something at Flight School, because you&apos;ll have to prove it in this Race. Watch out, you won&apos;t be alone.</_cdata>
        </de>
      </m>
    </r>
    <r c="N3cB4iS4PUKqRlQSlkQwDA">
      <m ca="verif" n="B.I.T.C.H." rci="Ltl_GRw0C0inCkpwCoeolg" un="LadyMiss80s" r="38642618" a="20610305" u="38642618">
        <da>
          <_cdata>{&quot;mission&quot;:{&quot;gen&quot;:{&quot;cam&quot;:{&quot;x&quot;:-221.3,&quot;y&quot;:-2045.34,&quot;z&quot;:29.62},&quot;camh&quot;:92.678,&quot;camp&quot;:-4.14,&quot;ivm&quot;:2,&quot;min&quot;:1,&quot;num&quot;:30,&quot;rank&quot;:1,&quot;start&quot;:{&quot;x&quot;:-235.37,&quot;y&quot;:-2044.76,&quot;z&quot;:26.76},&quot;subtype&quot;:12,&quot;tnum&quot;:1,&quot;type&quot;:2}}}</_cdata>
        </da>
        <de>
          <_cdata>Beach. Industrial. Track. City. Highway. Enjoy the ride... This B.I.T.C.H. has it all.</_cdata>
        </de>
      </m>
    </r>
    <r c="uOHm4Zutoke4At_2UILyxA">
      <m ca="verif" n="Bahama West Mama Mia!" rci="ds1_FFZpC0etyoZArJi7BA" un="BobChilli" r="33306225">
        <da>
          <_cdata>{&quot;mission&quot;:{&quot;gen&quot;:{&quot;cam&quot;:{&quot;x&quot;:-1398.33,&quot;y&quot;:-575.51,&quot;z&quot;:38.4},&quot;camh&quot;:-149.07,&quot;camp&quot;:0.94,&quot;ivm&quot;:2,&quot;min&quot;:1,&quot;num&quot;:16,&quot;optbs&quot;:32,&quot;rank&quot;:1,&quot;start&quot;:{&quot;x&quot;:-1403.05,&quot;y&quot;:-554.23,&quot;z&quot;:29.24},&quot;tnum&quot;:1,&quot;type&quot;:2}}}</_cdata>
        </da>
        <de>
          <_cdata>0.64mi lap race through some tight alleys.</_cdata>
        </de>
      </m>
    </r>
    <r c="CUKCYU8Hz06p64OQkSJJXw">
      <m ca="verif" n="Black and Yellow" rci="rAIC3zv8CkuXYDADOeYJAw" un="Eclaide" r="17748007">
        <da>
          <_cdata>{&quot;mission&quot;:{&quot;gen&quot;:{&quot;cam&quot;:{&quot;x&quot;:-2025.61,&quot;y&quot;:4835.99,&quot;z&quot;:26.82},&quot;camh&quot;:-132.678,&quot;camp&quot;:4.39,&quot;ivm&quot;:2067820283,&quot;min&quot;:1,&quot;num&quot;:30,&quot;rank&quot;:1,&quot;start&quot;:{&quot;x&quot;:-1941.33,&quot;y&quot;:4814.19,&quot;z&quot;:16.25},&quot;subtype&quot;:6,&quot;tnum&quot;:1,&quot;type&quot;:2}}}</_cdata>
        </da>
        <de>
          <_cdata>Careful not to get stung on this thrilling dash above Paleto Cove - a distinctively coloured Stunt Race full of tight turns and narrow dashes.</_cdata>
        </de>
      </m>
    </r>
    <r c="5YQTq54TqUaWbkZ5Woz6Og">
      <m ca="verif" n="Border War" rci="MnzeurVcCUyS2Ty7QCOW3Q" un="TRIPLE_extremo14" r="39601283">
        <da>
          <_cdata>{&quot;mission&quot;:{&quot;gen&quot;:{&quot;cam&quot;:{&quot;x&quot;:2318.74,&quot;y&quot;:3242.73,&quot;z&quot;:84},&quot;camh&quot;:-92.46,&quot;camp&quot;:-30,&quot;min&quot;:4,&quot;num&quot;:16,&quot;rank&quot;:1,&quot;start&quot;:{&quot;x&quot;:2265.13,&quot;y&quot;:3190.39,&quot;z&quot;:47.85},&quot;subtype&quot;:1,&quot;tnum&quot;:2,&quot;type&quot;:1}}}</_cdata>
        </da>
        <de>
          <_cdata>Cross the border and you&apos;re dead.</_cdata>
        </de>
      </m>
    </r>
    <r c="MVWN7dL8s0WZLf7hYHOGsw">
      <m ca="verif" n="Bowl Brawl LTS" rci="-WuLgW-EPUKtbBSSeBVG7A" un="Coleco-Vee" r="31997339">
        <da>
          <_cdata>{&quot;mission&quot;:{&quot;gen&quot;:{&quot;cam&quot;:{&quot;x&quot;:1027.39,&quot;y&quot;:483.01,&quot;z&quot;:98.14},&quot;camh&quot;:6.578,&quot;camp&quot;:3.9,&quot;ivm&quot;:-1,&quot;ltm&quot;:16777215,&quot;min&quot;:2,&quot;num&quot;:16,&quot;optbs&quot;:128,&quot;rank&quot;:1,&quot;start&quot;:{&quot;x&quot;:1026.26,&quot;y&quot;:494.8,&quot;z&quot;:95.7},&quot;subtype&quot;:5,&quot;tnum&quot;:2}}}</_cdata>
        </da>
        <de>
          <_cdata>If you&apos;re still standing at the end, you&apos;re doing it right.</_cdata>
        </de>
      </m>
    </r>
    <r c="ekrOFu34bkO_20gnhIv3Xw">
      <m ca="verif" n="Brand&apos;s Snatch" rci="JHaIisnAOUOfAEvbaO48-Q" un="SeekritChimp" r="30581677">
        <da>
          <_cdata>{&quot;mission&quot;:{&quot;gen&quot;:{&quot;cam&quot;:{&quot;x&quot;:-335.69,&quot;y&quot;:-415.55,&quot;z&quot;:49.02},&quot;camh&quot;:-13.981,&quot;camp&quot;:-13.57,&quot;ivm&quot;:408192225,&quot;min&quot;:1,&quot;num&quot;:8,&quot;rank&quot;:1,&quot;start&quot;:{&quot;x&quot;:-357.13,&quot;y&quot;:-358.91,&quot;z&quot;:30.56},&quot;tnum&quot;:1,&quot;type&quot;:2}}}</_cdata>
        </da>
        <de>
          <_cdata>Stay on your toes through turns of all speeds and sizes. Circuit-style course best suited for experienced drivers - watch for the slalom!</_cdata>
        </de>
      </m>
    </r>
    <r c="OZiwktfnUEyDomIOJFr65Q">
      <m ca="verif" n="Casino Royale" rci="gWmm9D5M40qVSEr0Vvfa0Q" un="parksguard" r="50101793">
        <da>
          <_cdata>{&quot;mission&quot;:{&quot;gen&quot;:{&quot;cam&quot;:{&quot;x&quot;:1203.06,&quot;y&quot;:-660.34,&quot;z&quot;:159.12},&quot;camh&quot;:28.943,&quot;camp&quot;:-19.759,&quot;ivm&quot;:1,&quot;min&quot;:1,&quot;num&quot;:24,&quot;rank&quot;:1,&quot;start&quot;:{&quot;x&quot;:1203.06,&quot;y&quot;:-660.34,&quot;z&quot;:60.62},&quot;tnum&quot;:1,&quot;type&quot;:2}}}</_cdata>
        </da>
        <de>
          <_cdata>Place a bet or two as you hit the casino and bandy about the areas surrounding Mirror Park. Fraught with harsh hairpins and uneven roads, you better gather some courage with this track lest you end up in the bottom of the lake!</_cdata>
        </de>
      </m>
    </r>
    <r c="JPi2CefBik27FbBQKnYXaw">
      <m ca="verif" n="Cheetah Grand Prix" rci="7XNThrC3-EmfgH-7TZ7qdw" un="GUN1T123" r="26064624" a="6932723" u="26064624">
        <da>
          <_cdata>{&quot;mission&quot;:{&quot;gen&quot;:{&quot;cam&quot;:{&quot;x&quot;:111.79,&quot;y&quot;:-583.75,&quot;z&quot;:52.68},&quot;camh&quot;:158.877,&quot;camp&quot;:-11.34,&quot;ivm&quot;:408192225,&quot;min&quot;:1,&quot;num&quot;:30,&quot;optbs&quot;:32,&quot;rank&quot;:1,&quot;start&quot;:{&quot;x&quot;:147.91,&quot;y&quot;:-605.49,&quot;z&quot;:46.08},&quot;tnum&quot;:1,&quot;type&quot;:2}}}</_cdata>
        </da>
        <de>
          <_cdata>Are you quick enough to beat the Cheetah? Engage with the most famous routes guiding you to an alternate dimension, with elegant prop co-ordination taking you through a very unique route. You wouldn&apos;t have even thought of it until now.</_cdata>
        </de>
      </m>
    </r>
    <r c="DLNFx9ePfkCoJtK0_YrLZg">
      <m ca="verif" n="Chopper Bombing" rci="AztUAcVzwkCvld-nxuxJmA" un="passlake" r="30557015">
        <da>
          <_cdata>{&quot;mission&quot;:{&quot;gen&quot;:{&quot;cam&quot;:{&quot;x&quot;:465.42,&quot;y&quot;:5549.67,&quot;z&quot;:806.81},&quot;camh&quot;:-175.979,&quot;camp&quot;:-30,&quot;ivm&quot;:-339587598,&quot;min&quot;:1,&quot;num&quot;:8,&quot;rank&quot;:1,&quot;start&quot;:{&quot;x&quot;:476.37,&quot;y&quot;:5540.46,&quot;z&quot;:784.36},&quot;subtype&quot;:5,&quot;tnum&quot;:1,&quot;type&quot;:2}}}</_cdata>
        </da>
        <de>
          <_cdata>From a near-suicidal descent of Mt. Chiliad to a harrowing low-level flight down a raging river to a treetop-trimming run through Paleto Bay, this race will require all your piloting skill.  Point to point for helicopters.</_cdata>
        </de>
      </m>
    </r>
    <r c="sYH_UGlXPUCZEsq4WlDqmQ">
      <m ca="verif" n="Chopper Killer" rci="lZxDK6t7-UGCGTp9j9y5_g" un="Liwetha" r="33592218">
        <da>
          <_cdata>{&quot;mission&quot;:{&quot;gen&quot;:{&quot;cam&quot;:{&quot;x&quot;:501.6,&quot;y&quot;:-3390.96,&quot;z&quot;:11.84},&quot;camh&quot;:45.758,&quot;camp&quot;:-0.46,&quot;ivm&quot;:-339587598,&quot;min&quot;:1,&quot;num&quot;:8,&quot;rank&quot;:1,&quot;start&quot;:{&quot;x&quot;:503.6,&quot;y&quot;:-3376.28,&quot;z&quot;:5.07},&quot;subtype&quot;:5,&quot;tnum&quot;:1,&quot;type&quot;:2}}}</_cdata>
        </da>
        <de>
          <_cdata>This race for helicopters will test the skills of even the best pilots! Rudders are a must to survive!</_cdata>
        </de>
      </m>
    </r>
    <r c="APTxMgBLK0Sl1gATV5A2KA">
      <m ca="verif" n="Close Quarters LTS" rci="sheQS8N1jk-tgDnuWqAyRw" un="Matt-Conman" r="41884346">
        <da>
          <_cdata>{&quot;mission&quot;:{&quot;gen&quot;:{&quot;cam&quot;:{&quot;x&quot;:-607.65,&quot;y&quot;:-2409.82,&quot;z&quot;:50.18},&quot;camh&quot;:-4.847,&quot;camp&quot;:-27.09,&quot;ivm&quot;:-1,&quot;ltm&quot;:16777215,&quot;min&quot;:4,&quot;num&quot;:16,&quot;optbs&quot;:128,&quot;rank&quot;:1,&quot;start&quot;:{&quot;x&quot;:-648.78,&quot;y&quot;:-2337.52,&quot;z&quot;:12.9},&quot;subtype&quot;:5,&quot;tnum&quot;:2}}}</_cdata>
        </da>
        <de>
          <_cdata>Teamwork is key in this fast paced, paintball inspired LTS in a city parking lot.</_cdata>
        </de>
      </m>
    </r>
    <r c="Io-eHD4PA0G5vXt1zHsxCg">
      <m ca="verif" n="Code 13-91" rci="0iezdpovIEW46itZm3G3Sw" un="XXChaosiumXX" r="33342763">
        <da>
          <_cdata>{&quot;mission&quot;:{&quot;gen&quot;:{&quot;cam&quot;:{&quot;x&quot;:-482.07,&quot;y&quot;:-841.94,&quot;z&quot;:64.4},&quot;camh&quot;:84.72,&quot;min&quot;:1,&quot;num&quot;:16,&quot;rank&quot;:1,&quot;start&quot;:{&quot;x&quot;:-516.03,&quot;y&quot;:-852.76,&quot;z&quot;:29.38},&quot;tnum&quot;:1,&quot;type&quot;:2}}}</_cdata>
        </da>
        <de>
          <_cdata>Urban race with jumps, tight sections and lots of obstacles! Watch out for the Paris-Marseille union!</_cdata>
        </de>
      </m>
    </r>
    <r c="dKHAzThzVkGeLnPcaS3x0g">
      <m ca="verif" n="Contend: Gas &apos;N&apos; Go" rci="dKHAzThzVkGeLnPcaS3x0g" un="Wraith-of-Vern" r="26679693">
        <da>
          <_cdata>{&quot;mission&quot;:{&quot;gen&quot;:{&quot;cam&quot;:{&quot;x&quot;:1671.86,&quot;y&quot;:4963.09,&quot;z&quot;:50.28},&quot;camh&quot;:-139.279358,&quot;camp&quot;:-11.87975,&quot;ivm&quot;:-1,&quot;ltm&quot;:16777215,&quot;min&quot;:2,&quot;num&quot;:17,&quot;optbs&quot;:1049600,&quot;rank&quot;:1,&quot;start&quot;:{&quot;x&quot;:1682.1,&quot;y&quot;:4934.37,&quot;z&quot;:41.08},&quot;subtype&quot;:6,&quot;tnum&quot;:2}}}</_cdata>
        </da>
        <de>
          <_cdata>A Local gas station is emptying its safe. Grab as much money as you can, before somebody else does! But watch out for the guards.</_cdata>
        </de>
      </m>
    </r>
    <r c="9TR2W3s1JkKX2eWN05EfKQ">
      <m ca="verif" n="Contend: Zombie Town" rci="b2i9WEbp2k6eJCc9x0_s4w" un="count_poopula" r="26878983">
        <da>
          <_cdata>{&quot;mission&quot;:{&quot;gen&quot;:{&quot;cam&quot;:{&quot;x&quot;:1659.33,&quot;y&quot;:4912.8,&quot;z&quot;:48.28},&quot;camh&quot;:-165.261,&quot;camp&quot;:-9.029,&quot;ivm&quot;:-1,&quot;ltm&quot;:16777215,&quot;min&quot;:2,&quot;num&quot;:16,&quot;optbs&quot;:1049600,&quot;rank&quot;:1,&quot;start&quot;:{&quot;x&quot;:1733.85,&quot;y&quot;:4971.01,&quot;z&quot;:45.2},&quot;subtype&quot;:6,&quot;tnum&quot;:2}}}</_cdata>
        </da>
        <de>
          <_cdata>Our post-apocalyptic group is in desperate need of supplies. Make a run into town. We have heard rumours of bags containing medical supplies in two areas: inside the convenience store and on the roof of a vacant building. Watch for zombies and other survivors...</_cdata>
        </de>
      </m>
    </r>
    <r c="-BOFzvFrsUiKSsUvVbzyMA">
      <m ca="verif" n="DEDALUS" rci="1MTvuH-86UeEhm3Mx_QRZA" un="jjjpelo" r="36095694">
        <da>
          <_cdata>{&quot;mission&quot;:{&quot;gen&quot;:{&quot;cam&quot;:{&quot;x&quot;:-124.43,&quot;y&quot;:-428.46,&quot;z&quot;:61.6},&quot;camh&quot;:-72.822,&quot;camp&quot;:1.38,&quot;ivm&quot;:-339587598,&quot;min&quot;:1,&quot;num&quot;:8,&quot;rank&quot;:1,&quot;start&quot;:{&quot;x&quot;:-153.09,&quot;y&quot;:-445.34,&quot;z&quot;:32.72},&quot;subtype&quot;:4,&quot;tnum&quot;:1,&quot;type&quot;:2}}}</_cdata>
        </da>
        <de>
          <_cdata>Easy.</_cdata>
        </de>
      </m>
    </r>
    <r c="4ua0p7VVeEGCWE9IyU4W0Q">
      <m ca="verif" n="Dubsta Warz" rci="hePOX7F8jE-I7yInj5YWdQ" un="Darteyld" r="29147375">
        <da>
          <_cdata>{&quot;mission&quot;:{&quot;gen&quot;:{&quot;cam&quot;:{&quot;x&quot;:-3343.32,&quot;y&quot;:956.37,&quot;z&quot;:42.4},&quot;camh&quot;:-48.234,&quot;camp&quot;:-30,&quot;ivm&quot;:12,&quot;min&quot;:1,&quot;num&quot;:8,&quot;rank&quot;:1,&quot;start&quot;:{&quot;x&quot;:-3302.29,&quot;y&quot;:991.6,&quot;z&quot;:1.02},&quot;subtype&quot;:1,&quot;tnum&quot;:1,&quot;type&quot;:2}}}</_cdata>
        </da>
        <de>
          <_cdata>Got yourself the high ranking new Dubsta? It will come in handy when racing over the steep hills of Los Santos County, if you&apos;re a low rank or well.... poor then you&apos;ll have to settle for a Sandking, sorry. Pure off-road point to point for 8 players.</_cdata>
        </de>
      </m>
    </r>
    <r c="mE5msd88uUO2r6_cGEjODg">
      <m ca="verif" n="Dusk" rci="OmvKEWG8302jY36OKgdmcg" un="GunterDaPenguin" r="33983968">
        <da>
          <_cdata>{&quot;mission&quot;:{&quot;gen&quot;:{&quot;cam&quot;:{&quot;x&quot;:2358.2,&quot;y&quot;:5935.71,&quot;z&quot;:95.49},&quot;camh&quot;:101.302,&quot;camp&quot;:19.87,&quot;ivm&quot;:1824333165,&quot;min&quot;:1,&quot;num&quot;:8,&quot;rank&quot;:1,&quot;start&quot;:{&quot;x&quot;:2311.05,&quot;y&quot;:5896.25,&quot;z&quot;:46.91},&quot;subtype&quot;:5,&quot;tnum&quot;:1,&quot;type&quot;:2}}}</_cdata>
        </da>
        <de>
          <_cdata>Fly past the lighthouse, through turbines, then over the dam into the beautiful city of Los Santos. Good Luck and Have Fun!</_cdata>
        </de>
      </m>
    </r>
    <r c="q5TGe7av40if4FZgHCI1iA">
      <m ca="verif" n="Forest Mayhem" rci="ZQfdxylxUEe85383VPFU2Q" un="Titlito" r="45605624">
        <da>
          <_cdata>{&quot;mission&quot;:{&quot;gen&quot;:{&quot;cam&quot;:{&quot;x&quot;:-677.09,&quot;y&quot;:5316.44,&quot;z&quot;:157.94},&quot;camh&quot;:102.819,&quot;camp&quot;:-30,&quot;min&quot;:2,&quot;num&quot;:8,&quot;rank&quot;:1,&quot;start&quot;:{&quot;x&quot;:-713.32,&quot;y&quot;:5310.75,&quot;z&quot;:70.94},&quot;subtype&quot;:1,&quot;tnum&quot;:2,&quot;type&quot;:1}}}</_cdata>
        </da>
        <de>
          <_cdata>Hide wisely, things might get hot!</_cdata>
        </de>
      </m>
    </r>
    <r c="sTB0vcgr70C0HsMwPjwQpQ">
      <m ca="verif" n="Gordo" rci="iw8mWhkY2kyGhk6WBLJKxg" un="neogry" r="72751219">
        <da>
          <_cdata>{&quot;mission&quot;:{&quot;gen&quot;:{&quot;cam&quot;:{&quot;x&quot;:2343.56,&quot;y&quot;:5894.78,&quot;z&quot;:112.35},&quot;camh&quot;:-150.036,&quot;camp&quot;:-10.89,&quot;ivm&quot;:2123327359,&quot;min&quot;:1,&quot;num&quot;:16,&quot;rank&quot;:1,&quot;start&quot;:{&quot;x&quot;:2355.41,&quot;y&quot;:5876.23,&quot;z&quot;:46.27},&quot;subtype&quot;:6,&quot;tnum&quot;:1,&quot;type&quot;:2}}}</_cdata>
        </da>
        <de>
          <_cdata>Hit all the sights of North Eastern San Andreas in this luscious tour of Mount Gordo, rapidly descending from raised chicanes down to scenic sea level straights.</_cdata>
        </de>
      </m>
    </r>
    <r c="zQcmTqc1bEumlzEXVHf2Sw">
      <m ca="verif" n="GTA: Stealing a Dead Person" rci="TLpQ9trSGE68NVxeCuXNQA" un="Y2J_2264" r="30000283">
        <da>
          <_cdata>{&quot;mission&quot;:{&quot;gen&quot;:{&quot;cam&quot;:{&quot;x&quot;:-1742.97,&quot;y&quot;:-267.4,&quot;z&quot;:52.38},&quot;camh&quot;:96.6,&quot;camp&quot;:-17.43,&quot;ivm&quot;:-1,&quot;ltm&quot;:16777215,&quot;min&quot;:2,&quot;num&quot;:16,&quot;optbs&quot;:2098176,&quot;rank&quot;:1,&quot;start&quot;:{&quot;x&quot;:-1775.22,&quot;y&quot;:-247.44,&quot;z&quot;:49.71},&quot;subtype&quot;:6,&quot;tnum&quot;:2}}}</_cdata>
        </da>
        <de>
          <_cdata>They always say never speak ill of the dead. Screw that, you&apos;re a criminal and you kill for money. Martin Madrazo has ordered you to crash the funeral of recently deceased Forelli crime family member Johnny Pacino and steal his body so he can hold it for ransom. Mr Madrazo does not like failure in his employs so you better get the job done.</_cdata>
        </de>
      </m>
    </r>
    <r c="SR7C_aP_90mzp_Ongb5C6w">
      <m ca="verif" n="Heli Low Fly Zone" rci="1255lMWxIUGQWGbvrHCXUg" un="LoneWolfOfNorth" r="31018964">
        <da>
          <_cdata>{&quot;mission&quot;:{&quot;gen&quot;:{&quot;cam&quot;:{&quot;x&quot;:2524.08,&quot;y&quot;:-340.66,&quot;z&quot;:122.65},&quot;camh&quot;:114.236,&quot;camp&quot;:-13.09,&quot;ivm&quot;:5,&quot;min&quot;:1,&quot;num&quot;:8,&quot;rank&quot;:1,&quot;start&quot;:{&quot;x&quot;:2525.74,&quot;y&quot;:-352.03,&quot;z&quot;:93.12},&quot;subtype&quot;:4,&quot;tnum&quot;:1,&quot;type&quot;:2}}}</_cdata>
        </da>
        <de>
          <_cdata>Low flying at its best! We recommend 1 lap for a quick par 3 minute race. Weave through the canals of Los Santos, over or under, and dam don&apos;t forget to pull up!</_cdata>
        </de>
      </m>
    </r>
    <r c="6P22DQHaDE6vYNNfKHj29g">
      <m ca="verif" n="HIPSTER DEATH RALLY" rci="HVyQcNs2u0aFc219Xwb2sw" un="HAZSHOULE" r="34727724">
        <da>
          <_cdata>{&quot;mission&quot;:{&quot;gen&quot;:{&quot;cam&quot;:{&quot;x&quot;:903.6,&quot;y&quot;:3088.11,&quot;z&quot;:56.24},&quot;camh&quot;:-102.582,&quot;camp&quot;:-4.639,&quot;ivm&quot;:841808271,&quot;min&quot;:1,&quot;num&quot;:12,&quot;rank&quot;:1,&quot;start&quot;:{&quot;x&quot;:916.17,&quot;y&quot;:3123.15,&quot;z&quot;:39.02},&quot;tnum&quot;:1,&quot;type&quot;:2}}}</_cdata>
        </da>
        <de>
          <_cdata>HIPSTER RALLY RACE OF DEATH !</_cdata>
        </de>
      </m>
    </r>
    <r c="5cnWbdzXaEqxg93iZY3YqQ">
      <m ca="verif" n="Hit The Apex" rci="h96C6LW3VUSLvnOWyR236g" un="Zigmeister666" r="10530231">
        <da>
          <_cdata>{&quot;mission&quot;:{&quot;gen&quot;:{&quot;cam&quot;:{&quot;x&quot;:907.97,&quot;y&quot;:-151.6,&quot;z&quot;:135.47},&quot;camh&quot;:-1.137,&quot;camp&quot;:-30,&quot;ivm&quot;:2,&quot;min&quot;:1,&quot;num&quot;:16,&quot;rank&quot;:1,&quot;start&quot;:{&quot;x&quot;:902.95,&quot;y&quot;:-95.18,&quot;z&quot;:77.76},&quot;tnum&quot;:1,&quot;type&quot;:2}}}</_cdata>
        </da>
        <de>
          <_cdata>Nothing beats the thrill of throwing a fast car around corners at high speeds. Get the adrenaline pumping in this long twisty circuit, enjoy the ride.</_cdata>
        </de>
      </m>
    </r>
    <r c="nEhliydrHEiP5r3ostAq8Q">
      <m ca="verif" n="Hold: Operation Interrupt" rci="-EBH_lisg0acvfmXQwlXBw" un="SoWhack" r="1103222">
        <da>
          <_cdata>{&quot;mission&quot;:{&quot;gen&quot;:{&quot;cam&quot;:{&quot;x&quot;:-69.57,&quot;y&quot;:6338.87,&quot;z&quot;:33.49},&quot;camh&quot;:88.836,&quot;camp&quot;:-2.4,&quot;ivm&quot;:-1,&quot;ltm&quot;:16777215,&quot;min&quot;:2,&quot;num&quot;:16,&quot;optbs&quot;:4195328,&quot;rank&quot;:1,&quot;start&quot;:{&quot;x&quot;:-81.96,&quot;y&quot;:6344.33,&quot;z&quot;:30.49},&quot;subtype&quot;:6,&quot;tnum&quot;:2}}}</_cdata>
        </da>
        <de>
          <_cdata>A joint operation comprised of the FIB and local PD has just resulted in several bags of drugs being seized in Paleto Bay. While one faction fights to recover their blow, another seizes the chance to steal them before the evidence is locked up for good.</_cdata>
        </de>
      </m>
    </r>
    <r c="4um2-7tpbkGLzVHNaxajOw">
      <m ca="verif" n="Life Invader Circuit" rci="akKLm1KHhk6cp0oq6lHnVQ" un="Twi_PC" r="11474200">
        <da>
          <_cdata>{&quot;mission&quot;:{&quot;gen&quot;:{&quot;cam&quot;:{&quot;x&quot;:-1003.52,&quot;y&quot;:-224.97,&quot;z&quot;:48.75},&quot;camh&quot;:80.563,&quot;camp&quot;:-12.819,&quot;ivm&quot;:-1403128555,&quot;min&quot;:1,&quot;num&quot;:16,&quot;rank&quot;:1,&quot;start&quot;:{&quot;x&quot;:-974.16,&quot;y&quot;:-191.37,&quot;z&quot;:36.76},&quot;tnum&quot;:1,&quot;type&quot;:2}}}</_cdata>
        </da>
        <de>
          <_cdata>Tight turns, narrow and wide roads, a smooth hairpin, and fast adrenaline pumping sections are sure to please those who are more serious about racing. Brought to you by Life Invader!</_cdata>
        </de>
      </m>
    </r>
    <r c="eWMxhT6qF0y5xISS8WX51g">
      <m ca="verif" n="Loop the Lake" rci="X4MB65WhjkS66QRw5GrOVQ" un="twisterrk" r="1984547">
        <da>
          <_cdata>{&quot;mission&quot;:{&quot;gen&quot;:{&quot;cam&quot;:{&quot;x&quot;:-262.97,&quot;y&quot;:730.97,&quot;z&quot;:211.8},&quot;camh&quot;:139.742,&quot;camp&quot;:-7.719,&quot;ivm&quot;:3,&quot;min&quot;:1,&quot;num&quot;:8,&quot;rank&quot;:1,&quot;start&quot;:{&quot;x&quot;:-266.42,&quot;y&quot;:719.56,&quot;z&quot;:206.31},&quot;tnum&quot;:1,&quot;type&quot;:2}}}</_cdata>
        </da>
        <de>
          <_cdata>Circuit like lap race around the water in Vinewood Hills.</_cdata>
        </de>
      </m>
    </r>
    <r c="GEkeJYZ-y0OVKRlLe3OHcg">
      <m ca="verif" n="Love Canyon" rci="wv95rDisbkSg7xHI-HVtZQ" un="Serg3n" r="17964500">
        <da>
          <_cdata>{&quot;mission&quot;:{&quot;gen&quot;:{&quot;cam&quot;:{&quot;x&quot;:30.17,&quot;y&quot;:3820.9,&quot;z&quot;:37.94},&quot;camh&quot;:-46.119,&quot;camp&quot;:1.44,&quot;ivm&quot;:-1232836011,&quot;min&quot;:1,&quot;num&quot;:30,&quot;rank&quot;:1,&quot;start&quot;:{&quot;x&quot;:58.52,&quot;y&quot;:3797.89,&quot;z&quot;:31.28},&quot;subtype&quot;:6,&quot;tnum&quot;:1,&quot;type&quot;:2}}}</_cdata>
        </da>
        <de>
          <_cdata>Rocket down Raton Canyon and enjoy the views from the climb up Mount Josiah, before an unforgettable final stretch.</_cdata>
        </de>
      </m>
    </r>
    <r c="wozUH6zKXEeYed2SUGGdlA">
      <m ca="verif" n="LUMBERJACK LTS" rci="Jt86DtTYVUGi5ZZl9dli4g" un="MRPTHUGLIFE" r="43958847">
        <da>
          <_cdata>{&quot;mission&quot;:{&quot;gen&quot;:{&quot;cam&quot;:{&quot;x&quot;:-854.61,&quot;y&quot;:5423.1,&quot;z&quot;:46.42},&quot;camh&quot;:-118.039,&quot;camp&quot;:-13.15,&quot;ivm&quot;:-1,&quot;ltm&quot;:16777215,&quot;min&quot;:2,&quot;num&quot;:16,&quot;optbs&quot;:128,&quot;rank&quot;:1,&quot;start&quot;:{&quot;x&quot;:-839.14,&quot;y&quot;:5408.26,&quot;z&quot;:33.52},&quot;subtype&quot;:5,&quot;tnum&quot;:2}}}</_cdata>
        </da>
        <de>
          <_cdata>LTS for 2 teams around the forest at Paleto Bay. Keep your eyes open for weapons and vehicles to fight out this battle.</_cdata>
        </de>
      </m>
    </r>
    <r c="knQBlYAUakqZcjcn6BV1iQ">
      <m ca="verif" n="Meuy&apos;s Grand Line" rci="THHrO5ksYUqaa-gdWxrGLQ" un="shawface" r="38110992">
        <da>
          <_cdata>{&quot;mission&quot;:{&quot;gen&quot;:{&quot;cam&quot;:{&quot;x&quot;:2164.19,&quot;y&quot;:4721.28,&quot;z&quot;:44.52},&quot;camh&quot;:172.412,&quot;camp&quot;:-3.27,&quot;ivm&quot;:1663218586,&quot;min&quot;:1,&quot;num&quot;:16,&quot;rank&quot;:1,&quot;start&quot;:{&quot;x&quot;:2106.74,&quot;y&quot;:4738.16,&quot;z&quot;:40.09},&quot;subtype&quot;:6,&quot;tnum&quot;:1,&quot;type&quot;:2}}}</_cdata>
        </da>
        <de>
          <_cdata>Race over the Alamo Sea from McKenzie Field to Sandy Shores and back. Stunt jumps, long straights, track and street.</_cdata>
        </de>
      </m>
    </r>
    <r c="UyFQo5znh0qGDuYqZH8g9w">
      <m ca="verif" n="Panto-monium Microcircuit" rci="8xzV3l1oZEy2EUbzCDmZmg" un="THEKerles" r="27379790">
        <da>
          <_cdata>{&quot;mission&quot;:{&quot;gen&quot;:{&quot;cam&quot;:{&quot;x&quot;:1250.33,&quot;y&quot;:-1465.86,&quot;z&quot;:48.56},&quot;camh&quot;:8.301,&quot;camp&quot;:-13.789,&quot;ivm&quot;:-431692672,&quot;min&quot;:1,&quot;num&quot;:8,&quot;rank&quot;:1,&quot;start&quot;:{&quot;x&quot;:1234.25,&quot;y&quot;:-1500.24,&quot;z&quot;:33.69},&quot;tnum&quot;:1,&quot;type&quot;:2}}}</_cdata>
        </da>
        <de>
          <_cdata>The Panto: possessing all the pretension and pomposity of a Benefactor, the smug, self-satisfaction of a Dilettante, combined with the thrill and badassery of a go-kart.  It&apos;s Panto-monium on the streets of Murrieta Heights with up to eight hipsters in denial, racing microcars on this microcircuit.</_cdata>
        </de>
      </m>
    </r>
    <r c="WvrdRvlL80aN_mjTxUIMdw">
      <m ca="verif" n="Pit Stop" rci="xEr9_OlG3Uqd6FOR5YyRIQ" un="IckyQualms" r="13018995">
        <da>
          <_cdata>{&quot;mission&quot;:{&quot;gen&quot;:{&quot;cam&quot;:{&quot;x&quot;:2556.34,&quot;y&quot;:415.85,&quot;z&quot;:120.43},&quot;camh&quot;:-12.2454529,&quot;camp&quot;:-2.739924,&quot;min&quot;:6,&quot;num&quot;:16,&quot;rank&quot;:1,&quot;start&quot;:{&quot;x&quot;:2548.51,&quot;y&quot;:342.56,&quot;z&quot;:107.46},&quot;subtype&quot;:1,&quot;tnum&quot;:2,&quot;type&quot;:1}}}</_cdata>
        </da>
        <de>
          <_cdata>No rest for the wicked in this traditional team deathmatch just off the Palomino freeway.</_cdata>
        </de>
      </m>
    </r>
    <r c="a6uVdEjIoU2ZeDh-i-8Hyw">
      <m ca="verif" n="Project Z Grand Prix" rci="0CblO7QCg0eyox6K02tC0g" un="Zenzi23" r="27646251">
        <da>
          <_cdata>{&quot;mission&quot;:{&quot;gen&quot;:{&quot;cam&quot;:{&quot;x&quot;:-1305.11,&quot;y&quot;:-319.97,&quot;z&quot;:76.26},&quot;camh&quot;:59.064,&quot;camp&quot;:-15.16,&quot;min&quot;:1,&quot;num&quot;:16,&quot;optbs&quot;:32,&quot;rank&quot;:1,&quot;start&quot;:{&quot;x&quot;:-1312.99,&quot;y&quot;:-241.16,&quot;z&quot;:41.26},&quot;tnum&quot;:1,&quot;type&quot;:2}}}</_cdata>
        </da>
        <de>
          <_cdata>Welcome to Project Z. Test your skills at this varied track, with technical parts, fast cornering, high speeds, challenging corners, chicanes and more. Never lose the pressure and see if you can withstand the test with victory! Keep it clean and fair.</_cdata>
        </de>
      </m>
    </r>
    <r c="7Ylr5WmE5UCQra-9sVTfQA">
      <m ca="verif" n="Pylon Slalom" rci="tV5ElOhd00azrsX_TWglhg" un="manfreygordon" r="31905559">
        <da>
          <_cdata>{&quot;mission&quot;:{&quot;gen&quot;:{&quot;cam&quot;:{&quot;x&quot;:757.63,&quot;y&quot;:-432.95,&quot;z&quot;:64.92},&quot;camh&quot;:-9.402,&quot;camp&quot;:19.47,&quot;ivm&quot;:1824333165,&quot;min&quot;:1,&quot;num&quot;:8,&quot;rank&quot;:1,&quot;start&quot;:{&quot;x&quot;:735.95,&quot;y&quot;:-465.92,&quot;z&quot;:16.06},&quot;subtype&quot;:4,&quot;tnum&quot;:1,&quot;type&quot;:2}}}</_cdata>
        </da>
        <de>
          <_cdata>Push your Besra to the limit and enter the danger zone as you weave between electricity pylons along the Eastern coast of San Andreas. Aviator shades optional.</_cdata>
        </de>
      </m>
    </r>
    <r c="fYEMm73V9U2uVOW_W7kd9A">
      <m ca="verif" n="Raid: Claustrophobia" rci="rgmGzUffnUGC3dBPmbGimQ" un="DezeWevos" r="35778408">
        <da>
          <_cdata>{&quot;mission&quot;:{&quot;gen&quot;:{&quot;cam&quot;:{&quot;x&quot;:1048.35,&quot;y&quot;:2980.6,&quot;z&quot;:48.02},&quot;camh&quot;:-57.66,&quot;ivm&quot;:-1,&quot;ltm&quot;:16777215,&quot;min&quot;:2,&quot;num&quot;:16,&quot;optbs&quot;:8389632,&quot;rank&quot;:1,&quot;start&quot;:{&quot;x&quot;:1058.18,&quot;y&quot;:2991.25,&quot;z&quot;:40.99},&quot;subtype&quot;:6,&quot;tnum&quot;:2}}}</_cdata>
        </da>
        <de>
          <_cdata>Teams spawn on their own side, the objectives/bags are in the center of each team spawning area. Bring the objective out of the enemy spawn/capture area into your spawn/capture area 8 times to win. Spawn kill or be spawn killed....</_cdata>
        </de>
      </m>
    </r>
    <r c="rVqoGeF_o0aMZQeXHTUzLA">
      <m ca="verif" n="Rail Yard, Railed Out" rci="bpJF1UhLDUSG_xd3vLb-Sw" un="tychoisadog" r="98405420">
        <da>
          <_cdata>{&quot;mission&quot;:{&quot;gen&quot;:{&quot;cam&quot;:{&quot;x&quot;:490.7,&quot;y&quot;:-542.17,&quot;z&quot;:26.74},&quot;camh&quot;:-7.08,&quot;camp&quot;:-7.349,&quot;min&quot;:2,&quot;num&quot;:8,&quot;optbs&quot;:32,&quot;rank&quot;:1,&quot;start&quot;:{&quot;x&quot;:493.06,&quot;y&quot;:-525.46,&quot;z&quot;:23.75},&quot;subtype&quot;:1,&quot;tnum&quot;:2,&quot;type&quot;:1}}}</_cdata>
        </da>
        <de>
          <_cdata>Not just for bottoming out hookers of questionable gender anymore, this La Mesa rail yard is the site of a fierce gun battle.</_cdata>
        </de>
      </m>
    </r>
    <r c="zGiH0mJ-D0SEosI_tACCAg">
      <m ca="verif" n="RAMPS! RAMPS! RAMPS!" rci="a_pS3mGNoE-DIQFLzq7g6A" un="Blackpool_Fan_82" r="25773734">
        <da>
          <_cdata>{&quot;mission&quot;:{&quot;gen&quot;:{&quot;cam&quot;:{&quot;x&quot;:-2769.11,&quot;y&quot;:2453.47,&quot;z&quot;:41.54},&quot;camh&quot;:-41.805,&quot;camp&quot;:-10.57,&quot;min&quot;:1,&quot;num&quot;:16,&quot;rank&quot;:1,&quot;start&quot;:{&quot;x&quot;:-2683.69,&quot;y&quot;:2443.47,&quot;z&quot;:1.98},&quot;tnum&quot;:1,&quot;type&quot;:2}}}</_cdata>
        </da>
        <de>
          <_cdata>NO MAX MONEY!! NO MAX RP!! IT&apos;S JUST FOR FUN!!! I recommend 7 players or more. The more the merrier for this one so extend the time and please be patient!</_cdata>
        </de>
      </m>
    </r>
    <r c="1X3efc2gxEyWWr4fW_LOxw">
      <m ca="verif" n="Rebel Rodeo" rci="zhTWaMcdkUS1ZITjjo6Yug" un="ManNamedMachine" r="26728932">
        <da>
          <_cdata>{&quot;mission&quot;:{&quot;gen&quot;:{&quot;cam&quot;:{&quot;x&quot;:748.05,&quot;y&quot;:2523.53,&quot;z&quot;:75.15},&quot;camh&quot;:87.166,&quot;camp&quot;:4.96,&quot;ivm&quot;:8,&quot;min&quot;:1,&quot;num&quot;:16,&quot;rank&quot;:1,&quot;start&quot;:{&quot;x&quot;:737.8,&quot;y&quot;:2510.48,&quot;z&quot;:72.22},&quot;tnum&quot;:1,&quot;type&quot;:2}}}</_cdata>
        </da>
        <de>
          <_cdata>Inspired by Ken Block&apos;s Gymkhana series. Skillfully maneuver around a series of cones, slaloms, 180s, 360s, figure-8s, and obstacles using extreme acceleration, braking, and drifting. Designed to be complex, memorizing the course is a significant part of achieving a fast time.</_cdata>
        </de>
      </m>
    </r>
    <r c="T8Vr9I-EJkOVFAo_H1uIRQ">
      <m ca="verif" n="Retaliate" rci="WzbzwRNEGEegHJkOLkFDqA" un="InviteTDM" r="35147506">
        <da>
          <_cdata>{&quot;mission&quot;:{&quot;gen&quot;:{&quot;cam&quot;:{&quot;x&quot;:-499.91,&quot;y&quot;:283.2,&quot;z&quot;:116.29},&quot;camh&quot;:70.0593948,&quot;camp&quot;:-23.4699535,&quot;min&quot;:4,&quot;num&quot;:8,&quot;rank&quot;:1,&quot;start&quot;:{&quot;x&quot;:-552.59,&quot;y&quot;:305.76,&quot;z&quot;:82.29},&quot;subtype&quot;:1,&quot;tnum&quot;:2,&quot;type&quot;:1}}}</_cdata>
        </da>
        <de>
          <_cdata>Find weapons through the map and slaughter your opponents.</_cdata>
        </de>
      </m>
    </r>
    <r c="MMvCeWiRKkuTDyIcEmfFxw">
      <m ca="verif" n="RoC Santos" rci="MCV5D5fPG0WxHMW2zcCF4Q" un="D.A.R.K.N.E.S.S" r="29739121">
        <da>
          <_cdata>{&quot;mission&quot;:{&quot;gen&quot;:{&quot;cam&quot;:{&quot;x&quot;:457.84,&quot;y&quot;:-852.49,&quot;z&quot;:39.83},&quot;camh&quot;:91.616,&quot;camp&quot;:4.4,&quot;min&quot;:1,&quot;num&quot;:8,&quot;rank&quot;:1,&quot;start&quot;:{&quot;x&quot;:366.36,&quot;y&quot;:-835.49,&quot;z&quot;:28.29},&quot;tnum&quot;:1,&quot;type&quot;:2}}}</_cdata>
        </da>
        <de>
          <_cdata>Fast paced street race.</_cdata>
        </de>
      </m>
    </r>
    <r c="pfAd0yB7VE-CkzpN-HwGHA">
      <m ca="verif" n="Rocket Kars" rci="hUk9qBgCtEmFvWVgRcpMgw" un="Slimjim171" r="27938897">
        <da>
          <_cdata>{&quot;mission&quot;:{&quot;gen&quot;:{&quot;cam&quot;:{&quot;x&quot;:438.84,&quot;y&quot;:5571.81,&quot;z&quot;:782.72},&quot;camh&quot;:-89.18,&quot;camp&quot;:-2.07,&quot;ivm&quot;:819197656,&quot;min&quot;:1,&quot;num&quot;:30,&quot;rank&quot;:1,&quot;start&quot;:{&quot;x&quot;:476.43,&quot;y&quot;:5540.5,&quot;z&quot;:784.36},&quot;subtype&quot;:6,&quot;tnum&quot;:1,&quot;type&quot;:2}}}</_cdata>
        </da>
        <de>
          <_cdata>Fight for first place and gasps of air in this cloud-top celebration of Stunt Races - stick to the track and don&apos;t look down!</_cdata>
        </de>
      </m>
    </r>
    <r c="t2gKk9GkH0WsBOQljsDM9A">
      <m ca="verif" n="Rodeo Loop" rci="Qk22ShSuGECc9Ir2sjF_KA" un="mozo15" r="26976692">
        <da>
          <_cdata>{&quot;mission&quot;:{&quot;gen&quot;:{&quot;cam&quot;:{&quot;x&quot;:-646.72,&quot;y&quot;:-58.62,&quot;z&quot;:43.35},&quot;camh&quot;:89.261,&quot;camp&quot;:-9.2,&quot;ivm&quot;:-1403128555,&quot;min&quot;:1,&quot;num&quot;:16,&quot;rank&quot;:1,&quot;start&quot;:{&quot;x&quot;:-742.24,&quot;y&quot;:-65.33,&quot;z&quot;:40.75},&quot;tnum&quot;:1,&quot;type&quot;:2}}}</_cdata>
        </da>
        <de>
          <_cdata>1.86m</_cdata>
        </de>
      </m>
    </r>
    <r c="ZVEHc74NikSO_uK_ExX02A">
      <m ca="verif" n="SA Flight School: Racing" rci="yHLYYkZMok-jJ_64hM-Vdw" un="HolidayMW" r="112738393">
        <da>
          <_cdata>{&quot;mission&quot;:{&quot;gen&quot;:{&quot;cam&quot;:{&quot;x&quot;:1214.07,&quot;y&quot;:-2950.8,&quot;z&quot;:85.71},&quot;camh&quot;:-94.075,&quot;camp&quot;:0.81,&quot;ivm&quot;:1824333165,&quot;min&quot;:1,&quot;num&quot;:8,&quot;rank&quot;:1,&quot;start&quot;:{&quot;x&quot;:1247.58,&quot;y&quot;:-2978.28,&quot;z&quot;:13.98},&quot;subtype&quot;:4,&quot;tnum&quot;:1,&quot;type&quot;:2}}}</_cdata>
        </da>
        <de>
          <_cdata>Welcome back Doolie, I&apos;ve got something different for you this time! For this I&apos;m putting you up against some of our other crack-pot pilots. Try to get your ass to the finish line faster than the others. Use what you have learned so far to beat these maggots. If you haven&apos;t learned anything yet well you&apos;re s#*@ outta luck!</_cdata>
        </de>
      </m>
    </r>
    <r c="9c0njHLvIEiH2zJFYfbprw">
      <m ca="verif" n="San Andreas Shootout LTS" rci="eVvcBPka90yneWaHyXsShA" un="Acheron117" r="81149009">
        <da>
          <_cdata>{&quot;mission&quot;:{&quot;gen&quot;:{&quot;cam&quot;:{&quot;x&quot;:-1965,&quot;y&quot;:-354.36,&quot;z&quot;:55.52},&quot;camh&quot;:34.36,&quot;camp&quot;:-13.61,&quot;ivm&quot;:-1,&quot;ltm&quot;:16777215,&quot;min&quot;:2,&quot;num&quot;:16,&quot;optbs&quot;:128,&quot;rank&quot;:1,&quot;start&quot;:{&quot;x&quot;:-1942.02,&quot;y&quot;:-355.62,&quot;z&quot;:46.76},&quot;subtype&quot;:5,&quot;tnum&quot;:2}}}</_cdata>
        </da>
        <de>
          <_cdata>N.O.O.S.E. commandos exchange lead with bandits over 4.2 Million dollars on the streets of L.S.</_cdata>
        </de>
      </m>
    </r>
    <r c="IzS4juspA0SQJBxNiB_p3Q">
      <m ca="verif" n="Shot City - Shotgun LTS" rci="RkVUZsPiYEO7VcndXySZ1g" un="UniqueAsh" r="38411768">
        <da>
          <_cdata>{&quot;mission&quot;:{&quot;gen&quot;:{&quot;cam&quot;:{&quot;x&quot;:-1658.86,&quot;y&quot;:-969.44,&quot;z&quot;:9.67},&quot;camh&quot;:-107.559,&quot;camp&quot;:-5,&quot;ivm&quot;:-1,&quot;ltm&quot;:16777215,&quot;min&quot;:4,&quot;num&quot;:12,&quot;optbs&quot;:128,&quot;rank&quot;:1,&quot;start&quot;:{&quot;x&quot;:-1645.99,&quot;y&quot;:-980.83,&quot;z&quot;:6.48},&quot;subtype&quot;:5,&quot;tnum&quot;:2}}}</_cdata>
        </da>
        <de>
          <_cdata>Theres nowhere to run or hide and the sound of these shotgun shells will have you quaking in your little boots. Pick your cover wisely. This is seriously deadly and I&apos;m not kidding.</_cdata>
        </de>
      </m>
    </r>
    <r c="yGL7RRQl0UCw-sepMx8Utg">
      <m ca="verif" n="Sprunk Air Race #1" rci="cJatc-4vs0OOIgc_gwEULw" un="KapnKyle" r="45100473">
        <da>
          <_cdata>{&quot;mission&quot;:{&quot;gen&quot;:{&quot;cam&quot;:{&quot;x&quot;:-1469.81,&quot;y&quot;:-2188.71,&quot;z&quot;:26.4},&quot;camh&quot;:-46.957,&quot;camp&quot;:-5.17,&quot;ivm&quot;:5,&quot;min&quot;:1,&quot;num&quot;:8,&quot;optbs&quot;:32,&quot;rank&quot;:1,&quot;start&quot;:{&quot;x&quot;:-1526.52,&quot;y&quot;:-2238.54,&quot;z&quot;:4.18},&quot;subtype&quot;:5,&quot;tnum&quot;:1,&quot;type&quot;:2}}}</_cdata>
        </da>
        <de>
          <_cdata>Extreme aerial obstacle course for Mallards.</_cdata>
        </de>
      </m>
    </r>
    <r c="GG1Rq2UxjE2ajhJbk8Mw6w">
      <m ca="verif" n="Stealth Required! LTS" rci="WPTVE0KJ50-uXocjaK4EnQ" un="Sgt-Vaguepouch" r="31161818">
        <da>
          <_cdata>{&quot;mission&quot;:{&quot;gen&quot;:{&quot;cam&quot;:{&quot;x&quot;:-1546.07,&quot;y&quot;:4616.71,&quot;z&quot;:27.2},&quot;camh&quot;:-37.833,&quot;camp&quot;:13.62,&quot;ivm&quot;:-1,&quot;ltm&quot;:16777215,&quot;min&quot;:4,&quot;num&quot;:16,&quot;optbs&quot;:128,&quot;rank&quot;:1,&quot;start&quot;:{&quot;x&quot;:-1577.11,&quot;y&quot;:4667.84,&quot;z&quot;:44.74},&quot;subtype&quot;:5,&quot;tnum&quot;:2}}}</_cdata>
        </da>
        <de>
          <_cdata>Stealth required. Stay out of sight or approach carefully. Take your time to take the opposition out one by one.</_cdata>
        </de>
      </m>
    </r>
    <r c="30nitQ-DHEivAacGY78JeA">
      <m ca="verif" n="Swedish Folkrace" rci="j7eE1e2tLU2D3RIX2UnLFQ" un="MaximilianR18" r="26800263">
        <da>
          <_cdata>{&quot;mission&quot;:{&quot;gen&quot;:{&quot;cam&quot;:{&quot;x&quot;:1402.09,&quot;y&quot;:-2005.18,&quot;z&quot;:60.96},&quot;camh&quot;:138.646,&quot;camp&quot;:-8.72,&quot;ivm&quot;:1373123368,&quot;min&quot;:1,&quot;num&quot;:8,&quot;rank&quot;:1,&quot;start&quot;:{&quot;x&quot;:1375.79,&quot;y&quot;:-2062.24,&quot;z&quot;:51},&quot;tnum&quot;:1,&quot;type&quot;:2}}}</_cdata>
        </da>
        <de>
          <_cdata>Folkrace is a popular, inexpensive and entry-level form of Swedish rallycross. The tracks are designed to limit the top speed to 50 mph. It&apos;s tight, it slams the plate, someone spins and sometimes there are cars left in the berms. Recommended vehicle - Customized Warrener</_cdata>
        </de>
      </m>
    </r>
    <r c="WQPd8uPMoUCRoXnTUTToaQ">
      <m ca="verif" n="That&apos;s What She Said" rci="R9lLeydqJ02S1VuiiTSRqg" un="iTZ420iN601" r="30603371">
        <da>
          <_cdata>{&quot;mission&quot;:{&quot;gen&quot;:{&quot;cam&quot;:{&quot;x&quot;:561.01,&quot;y&quot;:-2084.56,&quot;z&quot;:38.33},&quot;camh&quot;:178.989,&quot;camp&quot;:-5.24,&quot;min&quot;:1,&quot;num&quot;:12,&quot;rank&quot;:1,&quot;start&quot;:{&quot;x&quot;:508.43,&quot;y&quot;:-2143.14,&quot;z&quot;:4.92},&quot;tnum&quot;:1,&quot;type&quot;:2}}}</_cdata>
        </da>
        <de>
          <_cdata>Jumping on the dock in a sports car.</_cdata>
        </de>
      </m>
    </r>
    <r c="oa2oA2NWb0y-wttDNVRqCA">
      <m ca="verif" n="The 80&apos;s Turf War" rci="nRFOPmfKp0-JOx3prhggag" un="SLiCkZ_298" r="18673417">
        <da>
          <_cdata>{&quot;mission&quot;:{&quot;gen&quot;:{&quot;cam&quot;:{&quot;x&quot;:99.68,&quot;y&quot;:-1880.31,&quot;z&quot;:84.07},&quot;camh&quot;:131.1,&quot;min&quot;:2,&quot;num&quot;:16,&quot;rank&quot;:1,&quot;start&quot;:{&quot;x&quot;:101.71,&quot;y&quot;:-1955.37,&quot;z&quot;:19.75},&quot;subtype&quot;:1,&quot;tnum&quot;:2,&quot;type&quot;:1}}}</_cdata>
        </da>
        <de>
          <_cdata>The 2 gangs collide once again but this time in 80&apos;s style.</_cdata>
        </de>
      </m>
    </r>
    <r c="Lww_FVQbY0OhHIk3BgGy2Q">
      <m ca="verif" n="The Coil" rci="zrRXMWGBIkGjqL-uVLDEmQ" un="Wormbo" r="16167301">
        <da>
          <_cdata>{&quot;mission&quot;:{&quot;gen&quot;:{&quot;cam&quot;:{&quot;x&quot;:-952.07,&quot;y&quot;:-2384.84,&quot;z&quot;:41.69},&quot;camh&quot;:179.474,&quot;camp&quot;:-7.42,&quot;min&quot;:1,&quot;num&quot;:16,&quot;rank&quot;:1,&quot;start&quot;:{&quot;x&quot;:-968.24,&quot;y&quot;:-2404.26,&quot;z&quot;:12.84},&quot;tnum&quot;:1,&quot;type&quot;:2}}}</_cdata>
        </da>
        <de>
          <_cdata>2 laps inside the rings at the airport.</_cdata>
        </de>
      </m>
    </r>
    <r c="b58zZeru4EuC49o4ATfdrQ">
      <m ca="verif" n="The Flyby" rci="3ZGrWQqz4UGIGera1jTjOw" un="COLONEL_JACKAL" r="9969078">
        <da>
          <_cdata>{&quot;mission&quot;:{&quot;gen&quot;:{&quot;cam&quot;:{&quot;x&quot;:-1575.14,&quot;y&quot;:861.66,&quot;z&quot;:188.05},&quot;camh&quot;:-96.544,&quot;camp&quot;:-3.27,&quot;ivm&quot;:1824333165,&quot;min&quot;:1,&quot;num&quot;:8,&quot;rank&quot;:1,&quot;start&quot;:{&quot;x&quot;:-1552.89,&quot;y&quot;:853.81,&quot;z&quot;:181.2},&quot;subtype&quot;:5,&quot;tnum&quot;:1,&quot;type&quot;:2}}}</_cdata>
        </da>
        <de>
          <_cdata>Put on your flight suit and aviators and fire up the afterburners! Test your piloting skills in this low-flying point to point air race for the Western Besra. Start in the Tongva Hills and race through Chumash above the Great Ocean Highway, then buzz a sharp loop around the Fort Zancudo tower on the way up Lago Zancudo. Now you too can pretend you&apos;re a Vinewood marine.</_cdata>
        </de>
      </m>
    </r>
    <r c="4gtrq3JbrUy5dRZdyUxAJQ">
      <m ca="verif" n="The Great Adventurer" rci="B6QehlXMkEKThN78jU3xyw" un="DeadRooster" r="21943563">
        <da>
          <_cdata>{&quot;mission&quot;:{&quot;gen&quot;:{&quot;cam&quot;:{&quot;x&quot;:-1040.55,&quot;y&quot;:-2499.64,&quot;z&quot;:58.4},&quot;camh&quot;:-9.967,&quot;camp&quot;:2.83,&quot;min&quot;:1,&quot;num&quot;:16,&quot;optbs&quot;:32,&quot;rank&quot;:1,&quot;start&quot;:{&quot;x&quot;:-1042.65,&quot;y&quot;:-2500.77,&quot;z&quot;:24.55},&quot;subtype&quot;:1,&quot;tnum&quot;:1,&quot;type&quot;:2}}}</_cdata>
        </da>
        <de>
          <_cdata>You&apos;ve always claimed to be an outdoors person and that one day you&apos;re gonna climb Mt. Chiliad. Today your adventure finally begins. So here you are at Los Santos International Airport, in a super car paid for by your rich Liberty City mob boss father, heading to the base of the mountain the only way you know how; driving like an ass with no regard for the environment and those around you. Super car race for up to 16 players from LSIA to the first dirt road north of the Alamo Sea.</_cdata>
        </de>
      </m>
    </r>
    <r c="syWYa5I3NEm8brUEwuVrsQ">
      <m ca="verif" n="The Los Santos Triangle" rci="xdoOUL-oQEeRC3o60QHjsw" un="Ma1evo1entCheese" r="33635964">
        <da>
          <_cdata>{&quot;mission&quot;:{&quot;gen&quot;:{&quot;cam&quot;:{&quot;x&quot;:-614.15,&quot;y&quot;:-350.91,&quot;z&quot;:36.76},&quot;camh&quot;:9.16,&quot;camp&quot;:0.321,&quot;ivm&quot;:3,&quot;min&quot;:1,&quot;num&quot;:16,&quot;rank&quot;:1,&quot;start&quot;:{&quot;x&quot;:-608.38,&quot;y&quot;:-348.89,&quot;z&quot;:33.93},&quot;tnum&quot;:1,&quot;type&quot;:2}}}</_cdata>
        </da>
        <de>
          <_cdata>This challenging short lap race puts your corning skills to the test. Four sharp turns stand between you and the finish line.</_cdata>
        </de>
      </m>
    </r>
    <r c="4ieH2ZQJ00-3dJRuAKj8rw">
      <m ca="verif" n="The Slipstream GP" rci="rHd31dOIekKIVs7S036T5A" un="MossyTossy" r="42494779">
        <da>
          <_cdata>{&quot;mission&quot;:{&quot;gen&quot;:{&quot;cam&quot;:{&quot;x&quot;:95.41,&quot;y&quot;:-995.26,&quot;z&quot;:95.21},&quot;camh&quot;:73.655,&quot;camp&quot;:-12.59,&quot;ivm&quot;:-1297672541,&quot;min&quot;:1,&quot;num&quot;:16,&quot;rank&quot;:1,&quot;start&quot;:{&quot;x&quot;:93.44,&quot;y&quot;:-976.15,&quot;z&quot;:28.36},&quot;tnum&quot;:1,&quot;type&quot;:2}}}</_cdata>
        </da>
        <de>
          <_cdata>Slipstream Mode in HD!!!!!!!!!!!!</_cdata>
        </de>
      </m>
    </r>
    <r c="Ik49k9CT202ATh4ypQxp4g">
      <m ca="verif" n="Tittie Twister" rci="ck2zMsYXt0uk-ccSYCwrgw" un="xHumbleRx" r="34608364">
        <da>
          <_cdata>{&quot;mission&quot;:{&quot;gen&quot;:{&quot;cam&quot;:{&quot;x&quot;:1122.4,&quot;y&quot;:1998.12,&quot;z&quot;:68.41},&quot;camh&quot;:73.999,&quot;camp&quot;:-6.81,&quot;ivm&quot;:6,&quot;min&quot;:1,&quot;num&quot;:8,&quot;rank&quot;:1,&quot;start&quot;:{&quot;x&quot;:1114.4,&quot;y&quot;:1970.31,&quot;z&quot;:57.64},&quot;subtype&quot;:1,&quot;tnum&quot;:1,&quot;type&quot;:2}}}</_cdata>
        </da>
        <de>
          <_cdata>What.</_cdata>
        </de>
      </m>
    </r>
    <r c="roRudiDDlkuGu-uWZJlxFw">
      <m ca="verif" n="Triphasic" rci="lQyTDzocFkevBuj7lJm7zg" un="Rockstar">
        <da>
          <_cdata>{&quot;mission&quot;:{&quot;gen&quot;:{&quot;cam&quot;:{&quot;x&quot;:-244.45,&quot;y&quot;:-635.59,&quot;z&quot;:131.56},&quot;camh&quot;:-68.814,&quot;camp&quot;:20,&quot;min&quot;:2,&quot;num&quot;:16,&quot;optbs&quot;:32,&quot;rank&quot;:1,&quot;start&quot;:{&quot;x&quot;:-192.04,&quot;y&quot;:-635.38,&quot;z&quot;:47.67},&quot;subtype&quot;:1,&quot;tnum&quot;:3,&quot;type&quot;:1}}}</_cdata>
        </da>
        <de>
          <_cdata>Battle on top of Arcadius business building. These rooftops are perfect to be used as bases. There are three of them connected by container bridges. Sticky bombs will come in handy.</_cdata>
        </de>
      </m>
    </r>
    <r c="ZHXWTXUyTkeXErytKzTwHw">
      <m ca="verif" n="Urban Jungle" rci="poQ0BUjnOkSE7G5JjJHstQ" un="C0c0aSlim" r="20530246">
        <da>
          <_cdata>{&quot;mission&quot;:{&quot;gen&quot;:{&quot;cam&quot;:{&quot;x&quot;:217.5,&quot;y&quot;:-2089.43,&quot;z&quot;:43.03},&quot;camh&quot;:-6.764,&quot;camp&quot;:-7.17,&quot;min&quot;:4,&quot;num&quot;:12,&quot;optbs&quot;:32,&quot;rank&quot;:1,&quot;start&quot;:{&quot;x&quot;:228.5,&quot;y&quot;:-1995.1,&quot;z&quot;:18.52},&quot;subtype&quot;:1,&quot;tnum&quot;:2,&quot;type&quot;:1}}}</_cdata>
        </da>
        <de>
          <_cdata>Battle it out in this gang-controlled area of Los Santos.</_cdata>
        </de>
      </m>
    </r>
  </Result>
</Response>