<version>
	<pp>
		<de>3</de>
		<en>3</en>
		<es>3</es>
		<fr>3</fr>
		<it>3</it>
		<ja>3</ja>
		<ko>3</ko>
		<mx>3</mx>
		<pl>3</pl>
		<pt>3</pt>
		<ru>3</ru>
		<zh>3</zh>
	</pp>

	<tos>
		<de>3</de>
		<en>3</en>
		<es>3</es>
		<fr>3</fr>
		<it>3</it>
		<ja>3</ja>
		<ko>3</ko>
		<mx>3</mx>
		<pl>3</pl>
		<pt>3</pt>
		<ru>3</ru>
		<zh>3</zh>
	</tos>

	<eula>
		<de>3</de>
		<en>3</en>
		<es>3</es>
		<fr>3</fr>
		<it>3</it>
		<ja>3</ja>
		<jp>3</jp>
		<ko>3</ko>
		<kr>3</kr>
		<mx>3</mx>
		<pl>3</pl>
		<pt>3</pt>
		<ru>3</ru>
		<zh>3</zh>
	</eula>
</version>